name,phone,email,country,address
Lucas Kent,(827) 886-4183,scelerisque.neque.nullam@yahoo.ca,Germany,Ap #979-7116 Tincidunt Road
Ramona Gay,1-471-866-4048,ipsum.non@google.com,France,872 Et Street
Reagan Larsen,1-237-332-8649,dapibus.ligula@protonmail.couk,Chile,309-9401 Convallis Street
Jeanette Finch,(632) 601-6655,metus@protonmail.com,United Kingdom,9085 Orci St.
Timon Phelps,(415) 369-7972,luctus@icloud.ca,Australia,Ap #891-1287 Odio. Road
Holly Carrillo,(783) 931-2980,nascetur.ridiculus@google.edu,Peru,3171 Pellentesque Rd.
Zachary Fulton,1-553-163-6093,nam.ligula@icloud.ca,Indonesia,753-6809 A St.
Kasimir Franks,1-446-247-2680,fames.ac@yahoo.org,Chile,4387 Dictum Rd.
Lavinia England,(875) 437-4023,vitae.dolor@hotmail.edu,United Kingdom,521-584 Quam. St.
Jaden Barber,1-789-175-0960,ante.iaculis@yahoo.edu,Chile,Ap #180-2582 Sed Road
Pamela Hayden,1-387-870-1879,amet.risus@hotmail.com,Italy,2223 Quis Road
Samantha Small,(482) 532-6770,vestibulum.massa@icloud.net,Germany,Ap #481-5129 Lacus. Street
Burton Pace,1-468-703-2587,est.nunc@outlook.net,Pakistan,8081 Dui. Avenue
Latifah Tran,(418) 757-3298,scelerisque.sed@protonmail.couk,Russian Federation,395-4863 Lectus Rd.
Oprah Chang,1-138-384-6974,fringilla.est@outlook.org,Turkey,Ap #427-7429 Enim. Road
Tad Golden,(631) 322-6546,elit.dictum@hotmail.org,Pakistan,"Ap #589-5793 Posuere, Rd."
Upton Brady,1-515-716-7551,ultrices.mauris@protonmail.net,Costa Rica,Ap #723-6247 Semper Avenue
Ali Meadows,1-661-180-1493,malesuada@yahoo.edu,Turkey,Ap #918-3727 Feugiat Av.
Palmer Rojas,(624) 551-8505,auctor.quis@google.edu,Sweden,Ap #232-9201 Ultrices St.
Brooke Moreno,1-560-775-5510,dui.cum@outlook.org,Australia,"P.O. Box 225, 1439 Amet, Ave"
Bruce Johns,(254) 315-8375,quis.turpis@hotmail.com,Turkey,942-324 Quam Rd.
Clementine Boyer,1-255-631-1646,rhoncus@outlook.couk,Norway,Ap #164-8731 Aliquam Av.
Ethan Wooten,1-377-767-3665,etiam.bibendum@icloud.org,Russian Federation,3766 Dolor Road
Sawyer Sellers,(283) 484-4427,consequat@outlook.ca,Australia,Ap #481-2641 Molestie Street
Herman Powell,1-695-441-0769,vehicula.risus.nulla@google.com,United Kingdom,447-3033 In Road
Micah Parsons,1-234-933-5967,proin.non@protonmail.net,India,Ap #149-9384 Massa Av.
Keefe Herman,(664) 860-1133,rutrum.magna.cras@aol.org,India,Ap #392-6093 Metus. Road
Nichole Yates,1-335-567-5472,dignissim.lacus@outlook.ca,Costa Rica,Ap #382-6843 Lacus. Rd.
Tiger Peck,1-447-781-6775,mauris.vestibulum@google.edu,Indonesia,Ap #467-7039 Scelerisque Road
Xena Schroeder,(665) 508-8175,mauris.aliquam.eu@protonmail.ca,South Africa,"Ap #410-6154 Et, Street"
Ross Elliott,1-351-818-1284,malesuada.integer@hotmail.com,Turkey,396-5340 Nulla Street
Hector Alvarez,(703) 718-7921,leo.in.lobortis@hotmail.org,China,958-9314 Ligula. Rd.
Hadley Phillips,(421) 663-1068,dignissim.tempor@yahoo.org,South Africa,4810 Tellus St.
Amena Kaufman,1-627-135-8657,dolor.fusce.mi@yahoo.couk,Brazil,Ap #281-2250 Donec St.
Hanae Mathews,(167) 464-7080,donec.tempus@protonmail.edu,South Africa,"P.O. Box 599, 5529 Nec Avenue"
Faith Koch,(958) 666-3386,et.ultrices@outlook.edu,Norway,623-8588 Ultrices Ave
Naida Finley,(609) 783-4771,metus.vitae@google.edu,Indonesia,347-1516 Etiam Av.
Beau Glenn,1-399-374-8581,in.tincidunt@protonmail.ca,Colombia,8911 Sem Rd.
Miranda Ballard,1-772-423-5816,phasellus.ornare@hotmail.org,South Korea,Ap #931-5465 Sem Road
Aurelia Lancaster,1-231-318-1965,nec.tempus.scelerisque@yahoo.net,Austria,Ap #834-3326 Luctus Road
Kyra Whitney,(373) 272-1297,cursus.purus@outlook.net,Ireland,291-2646 Neque Street
Dacey Hood,(748) 756-5468,rutrum.fusce@protonmail.com,United States,"P.O. Box 205, 3189 Mauris Rd."
Price Dorsey,1-966-521-6755,nunc.id.enim@yahoo.com,Nigeria,342-4241 Ante. St.
Beverly Patel,(269) 780-0403,eu@aol.org,South Korea,Ap #858-3048 Erat Ave
Idona Maxwell,1-436-468-8886,in.condimentum@protonmail.com,Philippines,233-1970 Vivamus St.
Meredith Lynn,(885) 232-8418,est.mauris@icloud.couk,Canada,"Ap #162-5348 Eu, Av."
Myles Noel,1-238-606-6713,sem.nulla@hotmail.ca,Costa Rica,Ap #542-7759 Sagittis Av.
Leslie Merritt,(189) 771-1868,ut.aliquam@yahoo.edu,Brazil,Ap #954-4131 Sociis Street
Wyatt Kerr,(232) 582-8180,amet.ante@google.edu,Singapore,Ap #869-928 Odio Street
Yoshio Mccarty,(692) 777-9352,pharetra.nam@yahoo.com,South Africa,9290 Cras St.
Kameko Mullen,1-405-521-5038,nec.metus.facilisis@aol.net,Russian Federation,835-9466 Nisi. Av.
Colt Jacobson,1-345-855-2407,nisl.quisque@aol.org,South Africa,6627 Fringilla Ave
Chava Porter,(761) 434-7820,lorem.ac.risus@yahoo.couk,Norway,130-1169 Augue Street
Gloria Hogan,1-924-529-3229,risus@outlook.com,Germany,983-9585 Dolor Av.
Garrison Kane,1-841-335-3727,volutpat.nulla@icloud.edu,Australia,"P.O. Box 869, 2943 Dolor Street"
Gay Macdonald,(667) 600-7740,aliquam.adipiscing.lacus@yahoo.couk,Philippines,9545 Posuere Road
Len Marks,(631) 285-2789,ullamcorper.velit@yahoo.edu,Belgium,Ap #430-5079 Ac St.
Cecilia Love,1-641-783-6880,iaculis.quis.pede@protonmail.couk,Poland,1048 Eu St.
Gillian Lewis,(706) 179-6782,ligula@google.edu,Brazil,541-3018 Fermentum St.
Lillian Pruitt,(589) 257-3518,vel.arcu@outlook.net,Peru,6860 Nulla Avenue
Destiny Estrada,(712) 570-9547,nec.quam@outlook.com,Belgium,Ap #476-4952 Enim Av.
Charde Griffin,(837) 405-0265,neque.morbi.quis@hotmail.net,Spain,Ap #578-2052 Aenean St.
Fleur Thomas,(622) 285-4031,molestie@icloud.net,Brazil,4617 Molestie Rd.
Hamilton Ochoa,1-526-476-3913,dui.lectus@yahoo.org,Colombia,672-9512 Varius. Street
Aretha Newman,(245) 723-6347,non.lacinia@icloud.org,Costa Rica,3748 Vitae Rd.
Talon Byers,1-373-885-5313,sem@yahoo.com,Ukraine,Ap #115-8318 Ligula. Avenue
Unity Hayes,(721) 956-2184,integer.tincidunt@outlook.org,Sweden,"P.O. Box 521, 7993 Lacus. Avenue"
Penelope Bird,(665) 413-8223,tortor.nibh@aol.org,India,"P.O. Box 695, 4325 Ligula. Avenue"
Odessa Randolph,1-498-514-9943,sed@icloud.edu,Poland,Ap #233-4431 Nisi Rd.
Bruce Lindsay,(397) 680-3541,nec.malesuada@icloud.org,India,"P.O. Box 876, 8951 Ipsum. Street"
Berk Rich,1-312-372-6361,quisque@hotmail.org,Italy,"P.O. Box 810, 1398 Eu, Road"
Leslie Avery,(912) 723-7760,vitae.odio@aol.ca,China,9806 Neque St.
Ryan Burris,(282) 343-2519,iaculis.lacus@icloud.couk,India,"P.O. Box 879, 4018 Id Avenue"
Olga Davis,1-422-824-4566,rutrum.non@yahoo.ca,India,313-9506 Odio Ave
Chava Bender,1-926-668-5092,nec.orci@yahoo.ca,Netherlands,Ap #336-5234 Mi St.
Bruce Randall,1-641-585-2210,sed.congue@aol.com,South Korea,"524-3175 Sem, Ave"
Breanna Torres,1-317-747-4669,ac.turpis@yahoo.ca,Sweden,Ap #748-1494 Vivamus Ave
Gay Green,(203) 793-7600,nunc@google.couk,India,490-5557 Ipsum. Rd.
Blythe Vazquez,1-731-528-7636,mi.lacinia@protonmail.edu,Sweden,4423 Non St.
Aladdin Sampson,1-869-794-7675,augue.ut@protonmail.couk,Austria,161-8581 Natoque Rd.
Mira Villarreal,1-526-817-8136,turpis.egestas.aliquam@icloud.edu,Peru,492-5677 Lacus. Ave
Dominic Woods,(805) 546-6581,et@aol.ca,Philippines,845-8684 Sociis Road
Allen Pugh,(580) 171-4364,massa.quisque@google.net,Peru,143-5242 Purus Avenue
Illana Wall,1-741-175-7761,tempor.arcu@hotmail.ca,Ukraine,893-9667 Augue Rd.
Tatum Dennis,1-339-267-2335,curabitur.egestas@outlook.ca,Norway,299-3229 Ipsum. St.
Geoffrey Harrington,1-652-777-7635,ut@aol.ca,Chile,1856 Pede Avenue
Adrienne Dunlap,(386) 594-2762,semper.dui.lectus@google.edu,France,"P.O. Box 530, 6003 Imperdiet Rd."
Ima Hunter,1-266-831-6216,eu.ligula@aol.edu,South Korea,742-2663 Proin St.
Cooper Walton,1-357-855-9625,ipsum.dolor.sit@hotmail.com,South Korea,652-7416 Nibh. Ave
Jessica Newman,1-351-471-9212,lorem.vehicula@aol.couk,Mexico,772-1722 Lorem. Rd.
Charissa Doyle,1-370-763-8788,condimentum.donec@aol.com,Mexico,Ap #886-6542 Neque Road
Phillip Rutledge,(876) 988-6755,purus@outlook.couk,Indonesia,551-2659 Senectus Rd.
Emmanuel Gonzales,(479) 662-2831,odio.nam.interdum@yahoo.couk,China,Ap #959-9505 Mauris Avenue
Allistair Pugh,(885) 548-7877,dictum.placerat@yahoo.com,Poland,"1476 Vel, Rd."
Zia Meyers,1-718-318-7257,dignissim.pharetra@aol.net,Poland,"P.O. Box 541, 4993 Purus Av."
Silas Mckee,(188) 129-5682,libero.et.tristique@outlook.couk,Peru,639-2975 Natoque St.
Kieran Ross,(526) 117-0764,fusce.aliquet@aol.com,Turkey,"158-9573 Quis, Rd."
Sonia Morales,1-723-577-2526,vel@google.com,Austria,565-7085 Integer Road
Malachi Forbes,(237) 986-0883,magna.sed@icloud.net,Peru,"Ap #343-5556 Eu, Street"
Kyle Summers,(223) 461-1941,ipsum.suspendisse.sagittis@hotmail.couk,Vietnam,412-4142 Metus. Av.
Jermaine Velez,1-391-833-1241,nulla.interdum@hotmail.ca,Canada,817-2631 Ac Avenue
Dustin Fleming,1-483-685-7413,ligula@protonmail.ca,Norway,Ap #972-9020 Neque Rd.
Zachery Gates,(652) 771-3322,et.magnis.dis@hotmail.net,Brazil,"P.O. Box 931, 3284 At, Rd."
Ivy Rutledge,(607) 841-0527,convallis@outlook.edu,Italy,323-4498 Neque Avenue
Nola Whitney,(823) 287-0175,molestie.orci.tincidunt@yahoo.com,Canada,Ap #940-9281 Nam Ave
Lester Sloan,(774) 653-4344,mauris.morbi@yahoo.net,Sweden,969-1934 Fermentum Ave
Joan Blair,1-915-863-5377,congue@yahoo.ca,Philippines,Ap #828-7253 Neque St.
Phillip Berry,(443) 897-9236,eleifend.nec@protonmail.org,United Kingdom,515-2605 Sed Rd.
Adam Moses,1-635-448-3123,a@hotmail.edu,China,747-2947 Nunc St.
Reed Hatfield,1-436-881-9362,bibendum@outlook.com,Colombia,Ap #524-445 Mollis. Av.
Richard Bradford,1-271-146-5748,nunc@icloud.com,Philippines,Ap #142-4853 Ultrices. Road
Jamal Shepard,(424) 464-5866,vel.vulputate@icloud.net,New Zealand,"Ap #804-2236 Tortor, St."
Ethan Haynes,(562) 728-5765,nunc.quisque@icloud.edu,Russian Federation,"P.O. Box 162, 5043 Lectus Street"
Charles Brooks,1-674-459-8121,molestie@yahoo.com,Poland,Ap #251-4057 Magna. St.
Brooke Mercer,(447) 370-2711,enim.condimentum.eget@protonmail.net,Norway,Ap #122-7214 Ante Ave
Levi Mcclain,1-828-175-0816,pulvinar.arcu@google.org,Costa Rica,"P.O. Box 862, 9108 Amet Street"
Bertha Trevino,(218) 231-6201,eu.dolor@google.edu,Colombia,734-4783 Venenatis Street
Emerson Hicks,1-680-771-5756,tellus.imperdiet@outlook.net,Vietnam,185-1634 Odio. St.
Kasper Meyer,1-379-722-4080,sollicitudin.a@hotmail.com,Singapore,"P.O. Box 500, 9363 Diam. Street"
Luke Graves,(345) 122-0628,suspendisse.sed@hotmail.edu,United States,Ap #246-5277 Fermentum St.
Briar Munoz,(214) 260-2667,sit.amet.risus@protonmail.ca,Peru,529-5865 Donec Rd.
Carol Clarke,(714) 304-7049,facilisi.sed.neque@google.net,Vietnam,Ap #933-5368 Cras St.
Shelly Ruiz,1-358-176-5224,curabitur.sed@protonmail.edu,South Korea,402-660 Amet Street
Quintessa Arnold,(543) 666-4661,a.dui@outlook.org,Pakistan,Ap #926-5105 Nec St.
Dennis Weeks,1-644-704-8145,imperdiet.ullamcorper@google.net,Spain,Ap #768-1679 Donec St.
Gray Benjamin,(220) 472-8862,ante.iaculis@aol.ca,Italy,"P.O. Box 190, 1498 At St."
Cairo Daugherty,(758) 689-1455,est@protonmail.org,India,"P.O. Box 465, 2815 Adipiscing, Rd."
Brynn Powell,1-315-430-3635,libero.morbi@protonmail.edu,Pakistan,Ap #746-4745 Orci Road
Freya Day,1-554-165-3222,pretium.et@hotmail.ca,Sweden,325-5289 Torquent Rd.
Samantha Wilkinson,(531) 884-7963,pede.et@protonmail.com,India,5541 Libero. Avenue
Fuller Mitchell,(527) 255-5430,ridiculus.mus.donec@aol.couk,Chile,Ap #320-824 Magnis Av.
Colby Davenport,1-671-986-1683,luctus.aliquet@icloud.couk,Italy,913-5887 Tempus Rd.
Hannah Byers,1-365-640-1339,lorem.ac@outlook.ca,United Kingdom,659-5253 Etiam St.
Orli Levine,1-245-875-2977,ornare@icloud.ca,Belgium,124-5150 Sociosqu Street
Raven Stewart,1-388-156-6507,pharetra.felis.eget@aol.com,Peru,"867-7882 Sem, St."
Tanya Conley,(866) 383-3582,egestas.duis@outlook.com,Pakistan,887-357 Dolor St.
Channing Conley,1-887-663-2724,ac.fermentum.vel@hotmail.edu,Indonesia,Ap #445-748 Cursus Road
Daria Chavez,1-364-381-7314,aliquam.adipiscing@yahoo.net,Vietnam,Ap #128-8832 Ipsum Road
Lucy Frost,1-842-787-7767,enim.mi@google.couk,United Kingdom,Ap #478-4039 Phasellus Av.
Rogan Salazar,(138) 470-4246,bibendum.sed.est@outlook.org,India,"Ap #608-8963 Suscipit, St."
Aaron Ortiz,1-982-667-4546,fringilla.mi@hotmail.couk,South Korea,867-5811 Et Rd.
Nicholas Dyer,(616) 855-0814,auctor.odio@hotmail.ca,Russian Federation,Ap #363-6657 Mus. St.
Griffith Reyes,1-833-501-6206,fermentum@outlook.edu,United States,Ap #707-9944 Parturient St.
Moses Bray,1-181-962-1642,sagittis.duis@yahoo.net,Poland,"P.O. Box 185, 2212 Porttitor Rd."
Noelani Hensley,(835) 498-0817,dictum@yahoo.org,Belgium,3773 Cras Av.
Eric Hobbs,(918) 302-6728,velit@icloud.couk,Netherlands,"P.O. Box 154, 2452 Phasellus Av."
Sybill Hale,(455) 676-1868,adipiscing.mauris@hotmail.com,Vietnam,Ap #117-5250 Accumsan Rd.
Wynter Booker,1-636-496-9280,varius@outlook.edu,Austria,902-6119 Cras Avenue
Gisela Bishop,(734) 833-4582,euismod@hotmail.com,Norway,847-3398 Odio St.
Signe Pratt,(237) 581-2292,tellus@icloud.edu,Australia,974-6105 Augue Road
TaShya Cotton,1-686-782-3823,eu@yahoo.edu,Philippines,188-130 Nunc Road
Aaron Coffey,(277) 454-3226,tellus.phasellus@aol.net,Norway,3782 Nam Road
Gisela York,(722) 852-8231,malesuada.fringilla.est@yahoo.org,Canada,"P.O. Box 407, 1283 Erat St."
Shaine Frost,1-842-340-1356,eros.non@yahoo.ca,United States,"P.O. Box 371, 3691 Odio, St."
Amelia Boyd,(444) 836-1591,scelerisque.dui.suspendisse@icloud.net,Austria,"P.O. Box 582, 1299 Id, St."
Ruth Mckee,1-109-273-5527,vitae@yahoo.org,Italy,Ap #376-3017 Libero St.
Chastity Fitzgerald,(953) 513-7579,venenatis.lacus.etiam@outlook.ca,Austria,"P.O. Box 966, 4170 Rutrum St."
Holmes Fox,1-530-781-0830,quis.massa@protonmail.net,France,9232 Mi Street
Karly Justice,(875) 657-5724,maecenas.iaculis.aliquet@icloud.com,Germany,"P.O. Box 762, 7432 Quisque St."
Omar Farley,1-287-676-1916,feugiat@icloud.com,Colombia,826-4006 Neque. St.
Gannon Farmer,1-474-357-8333,hendrerit.id@protonmail.couk,New Zealand,927-2392 Leo Rd.
Yolanda Leon,1-571-659-5658,fames@yahoo.edu,Norway,"P.O. Box 483, 2782 Vulputate, Road"
Madeson Lambert,1-646-711-5796,tincidunt.dui.augue@outlook.couk,Colombia,Ap #598-5263 Nam Rd.
Elaine Rodriquez,(206) 788-3296,nunc.mauris@aol.com,Turkey,Ap #909-8708 Faucibus Road
Melyssa Campos,1-557-566-4131,laoreet.ipsum.curabitur@google.com,Peru,785-3206 Arcu. Av.
Dahlia Sparks,(925) 580-3724,ornare.libero@google.org,South Korea,729-9491 Integer Ave
Hedley Noble,1-641-586-3452,eu.dolor.egestas@icloud.net,New Zealand,Ap #997-1436 Sociis Av.
Cole Weber,1-279-121-3367,morbi.sit@yahoo.couk,Costa Rica,"P.O. Box 925, 4410 Turpis St."
Anthony Conner,(483) 853-7501,a.ultricies@protonmail.org,Vietnam,326-7552 Nibh. Av.
Jane Barnett,1-454-295-4282,elementum@aol.org,Poland,8896 Eu Road
Rudyard Harrison,1-838-458-5234,nec.ligula.consectetuer@outlook.com,China,7350 Dui Rd.
Wing Puckett,(146) 313-4748,massa.suspendisse@aol.ca,China,"P.O. Box 461, 7334 Ultrices Av."
Xaviera Conner,1-587-776-6673,aliquet.diam@protonmail.com,China,"P.O. Box 476, 495 Massa Ave"
Ingrid Allen,(449) 214-7263,odio@google.net,Indonesia,6984 Ipsum. Rd.
Rhona Bender,(236) 366-1169,lobortis@yahoo.org,Nigeria,Ap #853-2415 Aliquam Road
Vivian Bell,1-733-966-7657,felis.nulla.tempor@hotmail.net,Norway,Ap #320-312 Et St.
Celeste Byrd,1-442-534-2577,turpis.vitae@yahoo.ca,Pakistan,5187 Euismod Av.
Skyler Finch,(184) 542-9181,lobortis.ultrices.vivamus@aol.com,Nigeria,Ap #737-2352 Scelerisque St.
Shea Thornton,(872) 226-4195,donec@icloud.edu,South Africa,421-7032 Tempor Street
Carl Carpenter,1-688-172-5149,ornare.egestas@icloud.org,Italy,Ap #464-3432 Lectus Rd.
Rashad Cotton,(526) 336-2876,id@outlook.com,Germany,501-3765 Aliquet Av.
Yardley Villarreal,(560) 303-7022,sed.eu@hotmail.couk,Pakistan,Ap #242-2681 Donec St.
Halla Hughes,1-477-382-3123,tristique.aliquet@outlook.com,Brazil,"P.O. Box 272, 9940 Habitant Avenue"
Lee Long,1-495-215-6528,velit.in@protonmail.com,France,"Ap #200-8514 Lorem, Rd."
Inga Levine,1-232-445-7933,quisque@google.org,Spain,180-8989 Ante Road
Charles Vega,1-643-316-2082,velit.dui@yahoo.couk,Spain,"Ap #493-274 Placerat, Rd."
Marshall Bush,(907) 477-2686,fermentum@aol.ca,South Korea,Ap #427-7325 Magnis St.
Hayes Chavez,(514) 433-7461,consectetuer@icloud.net,United States,236-5718 Senectus Rd.
Lysandra Sloan,(553) 856-4423,cursus.in.hendrerit@protonmail.net,Belgium,"532-5482 Posuere, Road"
Oren Pearson,(876) 361-4875,magna@outlook.ca,Nigeria,"290-9609 Non, Ave"
Raya Willis,(202) 924-9519,a@protonmail.ca,Norway,Ap #733-8448 Mauris Street
Brooke Wolfe,(330) 459-1534,vel.nisl@protonmail.net,Russian Federation,Ap #766-4193 Tincidunt Road
Kai Guthrie,(784) 298-8611,purus.accumsan@google.com,Russian Federation,"P.O. Box 651, 3366 Class St."
Lev Carson,1-124-550-6152,ac@aol.couk,Colombia,"P.O. Box 503, 3674 Velit. Av."
Tanisha Carroll,1-271-592-0433,leo.cras.vehicula@icloud.couk,Philippines,8064 Eu Avenue
Armando Hughes,(763) 279-1867,massa@protonmail.com,Turkey,"P.O. Box 488, 539 Erat Road"
Kelly Moran,(733) 487-4699,ligula.elit@icloud.couk,Vietnam,"P.O. Box 732, 9586 Sem, Rd."
Erica Padilla,(136) 859-4563,arcu.et@protonmail.com,Russian Federation,"P.O. Box 395, 2060 Mauris Street"
Elliott Clements,(791) 302-7294,eget.massa.suspendisse@icloud.com,Australia,"P.O. Box 370, 137 Aliquam St."
Ori Mercado,1-366-734-3726,sodales.elit.erat@aol.net,Canada,8869 Pharetra Road
Candace Slater,1-457-301-9622,aenean.massa@google.org,Norway,"634-9384 Id, St."
Jescie Albert,(376) 304-0842,curabitur.massa.vestibulum@yahoo.org,Mexico,"P.O. Box 257, 5998 Mauris Avenue"
Naomi Ellison,(739) 314-3993,dui@yahoo.ca,Brazil,Ap #590-8016 Risus. Road
Laura Chan,(347) 172-3761,et.magnis@protonmail.net,Singapore,Ap #711-3210 Nonummy Avenue
Forrest Conrad,1-236-649-6113,et.magnis.dis@hotmail.org,Ukraine,"P.O. Box 686, 6376 Magnis St."
Keane Dunlap,1-635-571-8588,quisque.tincidunt@yahoo.org,France,Ap #542-9428 Nam Rd.
Roth Hodge,(695) 536-0260,ornare.libero.at@yahoo.ca,Turkey,525-7314 Feugiat St.
Elmo Bullock,(847) 523-5725,et.magnis@hotmail.ca,India,6262 Sapien. Rd.
Geoffrey Terry,(828) 283-7947,nec.tempus@aol.couk,Belgium,637-5693 Scelerisque Av.
Grace Paul,(734) 151-2584,donec@aol.edu,Australia,"7808 Erat, Ave"
Armand Beach,(235) 310-5034,tincidunt@google.edu,Colombia,Ap #210-6610 Netus St.
Abraham French,(827) 797-8208,quis@yahoo.couk,Mexico,6014 Malesuada St.
Salvador Reese,(207) 890-9871,non.nisi.aenean@hotmail.com,Nigeria,Ap #646-5879 Tempus St.
Ciara Hawkins,(187) 156-5245,magna@hotmail.edu,Costa Rica,"P.O. Box 709, 164 Mollis Ave"
Bevis Shepard,1-408-343-2756,facilisis.facilisis@yahoo.com,China,"P.O. Box 386, 7652 Nulla Road"
Hoyt Perkins,(819) 521-1298,a@protonmail.org,Colombia,829-1543 Tortor. Rd.
Rigel Albert,(705) 597-0116,senectus.et.netus@google.org,Canada,"P.O. Box 609, 6102 Cursus, Road"
Tatyana Saunders,1-675-421-4571,tellus.lorem.eu@hotmail.org,Spain,Ap #705-4719 Pellentesque Avenue
Tamekah Wong,(450) 262-6531,ipsum@aol.ca,Singapore,439-6648 Eu Ave
Isaac Witt,(388) 358-2312,sagittis.semper@icloud.edu,Colombia,7894 Placerat. Street
Travis Le,1-383-563-5836,purus.duis@hotmail.com,South Korea,Ap #800-5875 Libero. Avenue
Bertha Kidd,1-325-151-6562,sapien.imperdiet@icloud.com,Mexico,793-7344 Mi Rd.
Hillary Lucas,(329) 403-8883,dictum@outlook.edu,Singapore,Ap #764-1892 Pede. St.
Vance Bush,1-148-822-0747,lorem.lorem@hotmail.net,United States,8301 Sociis St.
Lamar Benton,1-435-720-8445,mus.proin.vel@yahoo.org,Norway,"889-6635 Vitae, Avenue"
Aretha Charles,1-310-252-7495,vel@yahoo.com,Australia,Ap #587-8826 Arcu Ave
Henry Hernandez,1-413-218-6964,diam.vel@aol.com,Germany,112-3158 Viverra. Av.
Claudia Saunders,1-643-273-9155,etiam.vestibulum@icloud.com,Turkey,113-2350 Malesuada Rd.
Tatyana Franklin,1-788-667-5765,ac.metus@hotmail.com,Mexico,Ap #205-2074 Non Rd.
Mufutau Adams,(711) 375-9645,risus.quisque@hotmail.org,Chile,7411 Pellentesque Rd.
Destiny Mendez,1-976-865-1470,eu.metus@google.couk,Austria,223-9453 Donec St.
Zia Franks,(559) 862-7142,risus@yahoo.edu,Australia,437-7430 At St.
Nyssa Horton,1-808-708-7672,ante@icloud.couk,Canada,Ap #366-9834 Congue Av.
Logan Barry,(157) 577-3345,ut.nulla.cras@yahoo.ca,Australia,421-9478 Egestas Rd.
Charles Barton,1-710-710-3365,imperdiet@protonmail.edu,United States,970-9181 Nonummy St.
Ray Carpenter,(611) 460-3021,feugiat.metus.sit@yahoo.edu,Peru,"P.O. Box 207, 9574 Odio. Av."
Serina Roman,(537) 556-3644,luctus.ipsum.leo@hotmail.couk,New Zealand,8151 Elit Avenue
Kevyn Phelps,(353) 618-4370,elementum.dui@aol.org,France,810-8341 Donec Rd.
Lionel Gray,(380) 473-0245,est.nunc.laoreet@protonmail.net,Australia,610-5464 Eu St.
Cheyenne Hammond,1-727-186-6583,purus.sapien@icloud.net,Peru,Ap #206-7619 Sit St.
Jin Cook,(588) 481-7777,adipiscing.lacus.ut@aol.org,Philippines,349-6227 Mus. Street
Yoshio Hancock,1-795-615-3237,enim@outlook.com,Australia,5583 Nulla. Street
Blaze Keller,(828) 163-4495,dui.fusce@aol.com,Ireland,5906 Proin St.
Wendy Gallegos,(559) 377-0125,eleifend.non@aol.org,Singapore,Ap #964-4692 Suscipit St.
Hyacinth Meadows,1-848-677-8466,duis.gravida@aol.couk,Netherlands,6424 Diam Av.
Holly Collier,(627) 266-3171,ut.nisi@google.net,France,"P.O. Box 495, 1575 Consequat Av."
Angelica Abbott,(191) 721-4053,non@aol.net,Spain,"P.O. Box 148, 2177 Euismod Rd."
Oprah Dunlap,(355) 707-0672,arcu.aliquam@google.net,United Kingdom,674 Ante Ave
Piper Vazquez,(216) 385-0750,feugiat.lorem@outlook.ca,United States,Ap #773-1418 Pellentesque Rd.
Kerry Hayden,1-914-342-6726,sed.auctor@hotmail.com,Nigeria,959-5018 Condimentum. Avenue
Avram Delgado,(611) 923-8421,iaculis.aliquet@aol.couk,Mexico,Ap #683-5985 Pellentesque Rd.
Imogene Wallace,1-833-809-4565,montes.nascetur.ridiculus@aol.net,United Kingdom,922-6793 Consequat Rd.
Lee Conrad,1-254-668-7361,purus@outlook.org,Italy,Ap #428-1551 Pede. Av.
Heidi Saunders,(481) 657-1525,vestibulum.mauris@google.net,Norway,Ap #374-4881 Tellus St.
Keegan Kerr,(732) 456-6332,tincidunt@protonmail.ca,Brazil,Ap #446-7916 Fusce Av.
Bevis Blevins,1-511-828-7898,donec@hotmail.net,Philippines,"Ap #857-5945 Urna, Avenue"
Kamal Francis,(356) 368-6417,eu.erat.semper@google.couk,Germany,"Ap #254-1398 Purus, St."
Moana Phillips,(665) 537-7654,posuere.at@yahoo.ca,South Africa,535 Sagittis. St.
Deanna Hughes,(447) 516-6682,sed.pede.cum@yahoo.org,Norway,649-9011 Purus. St.
Cadman Buckner,1-308-554-3346,egestas.sed.pharetra@yahoo.com,Netherlands,197-8919 Consequat Road
Rafael Mcneil,1-382-614-1188,sed.diam@aol.ca,United States,"P.O. Box 331, 7190 Orci Ave"
Lee Brock,1-591-842-4175,morbi.quis@yahoo.ca,United Kingdom,Ap #714-2617 Aenean Ave
Astra Reed,1-641-706-1498,suscipit@google.couk,Ireland,186-538 Dignissim Street
Marny Robles,1-810-336-7317,quis.diam@protonmail.com,Nigeria,"382 Ut, Rd."
Amethyst Sweet,1-765-528-7765,non.leo@icloud.com,Peru,116-5870 Nisi Rd.
Garrett Soto,1-408-846-2554,eu.ultrices.sit@aol.com,South Korea,356-4871 Eget Road
Brooke Sherman,1-697-429-5529,vitae.erat.vel@yahoo.couk,Turkey,700-8951 Dolor. Rd.
Katelyn Cardenas,(432) 470-6554,et.euismod.et@protonmail.edu,Indonesia,"Ap #886-2031 Sed, Av."
Daryl Bowman,1-808-579-6646,lorem.vehicula@icloud.edu,Poland,Ap #134-9289 Lobortis Street
Price Gonzales,1-588-531-3784,nec@hotmail.couk,India,2350 Fermentum St.
Peter Pace,(235) 498-3811,amet.ornare.lectus@outlook.org,Vietnam,"P.O. Box 593, 1964 Faucibus Av."
Troy Lara,1-251-979-9370,molestie.arcu@protonmail.org,Peru,391-5265 Sagittis. Road
Tamara Spencer,(731) 814-7292,nunc.commodo.auctor@icloud.edu,Poland,"Ap #819-4321 Dolor, Avenue"
Mari Alvarado,1-503-776-1028,dolor.elit@aol.com,Sweden,162-7484 Nulla Street
Dai Albert,1-694-115-3784,lacinia.sed@protonmail.net,Pakistan,135-8642 Egestas Av.
Ian Salas,(553) 424-5451,ut.odio@google.ca,Indonesia,969-5150 Ultrices St.
Troy Adams,1-754-969-9965,nec.ante.maecenas@aol.couk,France,5241 Sagittis Avenue
Amal Velazquez,1-872-405-3255,nulla.ante.iaculis@icloud.ca,Poland,Ap #875-4479 Mauris Rd.
Kristen Mckenzie,1-160-525-4083,sed.pede.cum@google.org,Vietnam,Ap #726-4637 Commodo Rd.
August Bass,(378) 506-8144,mauris.sapien@yahoo.edu,Germany,Ap #630-3722 Hymenaeos. St.
Quinn Sosa,(205) 935-1219,non@icloud.couk,Vietnam,570-1392 Eu St.
Alexandra Wheeler,(682) 338-1300,aenean.eget@hotmail.edu,United States,1507 Feugiat Ave
Castor Conley,(335) 552-7676,erat.etiam.vestibulum@hotmail.ca,China,969-1948 Orci Ave
Fletcher Wolf,(951) 538-6738,a.dui@yahoo.com,Sweden,694-6539 Massa. Street
Herman Baldwin,1-956-444-3439,ornare.lectus@hotmail.org,Turkey,Ap #714-5864 Lorem Ave
Hiram White,1-956-707-0289,volutpat.nulla@protonmail.net,New Zealand,"240-654 Montes, St."
Erasmus Vaughn,(232) 540-0124,non.bibendum.sed@hotmail.org,Russian Federation,271-3259 Curabitur Av.
Henry Battle,1-460-333-5483,nec.euismod.in@outlook.couk,Canada,Ap #967-706 Nec St.
Brody Mcclain,1-858-537-6449,egestas.duis@protonmail.edu,Singapore,"Ap #714-4844 Purus, St."
Gemma Nieves,1-815-233-4547,dictum@icloud.com,Sweden,Ap #369-6159 Lobortis St.
Vanna Buck,1-725-757-4152,imperdiet@google.couk,Australia,Ap #526-2559 Donec Street
Moses Valenzuela,1-282-672-6786,elit.pharetra@aol.com,Brazil,638-8540 Elit Avenue
Ariel Miranda,(583) 360-8128,non.arcu@google.couk,Ireland,"P.O. Box 183, 6316 Facilisis, Rd."
Audra Petersen,(320) 538-6442,convallis.dolor@protonmail.com,Vietnam,103-3022 Sed Street
Camilla Day,(426) 376-7655,accumsan@protonmail.edu,China,"P.O. Box 990, 6906 Magna. St."
Emerald Whitfield,1-184-231-2635,auctor.non.feugiat@yahoo.net,Turkey,231-9599 Ipsum Street
Erich Warner,(387) 486-2334,amet.risus@yahoo.couk,Pakistan,Ap #209-4052 Egestas Ave
Octavius Sherman,1-813-932-6516,quis@icloud.net,Singapore,Ap #297-4865 Pharetra. St.
Griffith Bean,(213) 619-6698,parturient.montes@google.net,Singapore,6482 Magnis Rd.
Quemby Phillips,(317) 920-8714,gravida.non@outlook.com,Chile,713-886 Quisque St.
Rogan Hunt,1-898-296-5668,eu.metus@yahoo.net,Australia,2332 Mauris Rd.
Kaitlin Murphy,1-626-660-6126,cursus.a@hotmail.com,Mexico,203-8117 Placerat. St.
Peter Crawford,(480) 855-9591,pretium.aliquet.metus@icloud.couk,Australia,223-2402 Adipiscing. Street
Karleigh Mclaughlin,(822) 235-7714,arcu@google.com,Austria,"P.O. Box 563, 1648 Morbi St."
Zane Solis,1-398-367-5336,lobortis.quam.a@outlook.ca,India,Ap #227-677 Quisque St.
Melodie Dominguez,(732) 651-2272,cras.eget.nisi@protonmail.ca,South Africa,606-8140 Nam Street
Ezekiel Day,(982) 642-5265,suspendisse.commodo.tincidunt@hotmail.org,China,852 Nisl St.
Kimberley Valentine,1-369-503-2562,cursus@aol.com,Canada,Ap #316-9439 Eget Av.
Elmo Macdonald,1-324-307-1325,vel.turpis@hotmail.edu,Costa Rica,5637 Lorem St.
Hedwig Cain,(635) 358-9143,aliquet.sem@google.net,Brazil,963-6656 Nulla Road
Reese Lambert,(716) 540-6041,orci.lacus@protonmail.couk,Italy,"P.O. Box 743, 3174 Vivamus St."
Barclay Clemons,(420) 724-4988,orci.quis@aol.ca,Netherlands,Ap #361-9923 Diam Road
Kennan Stokes,1-612-379-6042,eu.augue.porttitor@protonmail.org,Chile,821-8692 Malesuada St.
Aurelia Dodson,1-565-235-8107,leo@aol.org,Singapore,1923 Magna St.
Judah Dominguez,1-342-631-8324,laoreet@yahoo.com,Brazil,"540-4407 Montes, St."
Delilah Carroll,1-717-481-0929,cursus.nunc.mauris@protonmail.couk,Russian Federation,Ap #356-6293 Lacus. St.
Jin Wright,1-677-655-4561,tristique.pellentesque@yahoo.couk,Russian Federation,193-5527 In Street
Drew Mejia,1-378-642-2345,duis.a@protonmail.org,New Zealand,"P.O. Box 426, 7132 Non Ave"
Felicia Rice,(130) 991-5424,eget.magna@google.couk,Germany,"P.O. Box 762, 6138 Pede. St."
Sade Castro,(237) 267-5784,sagittis.duis@hotmail.com,United Kingdom,"P.O. Box 171, 3819 Sit Road"
Brett Prince,1-377-439-2124,fringilla@yahoo.ca,Indonesia,"P.O. Box 307, 1752 Nunc Ave"
Bert Nolan,(397) 341-0486,cursus.a@protonmail.ca,Norway,940-1891 Curabitur St.
Phelan Sullivan,(987) 457-0162,elit.dictum@google.ca,Turkey,751-5678 Dictum Av.
Lyle Barker,(547) 172-0262,magna.malesuada@yahoo.couk,Peru,Ap #878-3798 Purus. Rd.
Robin Mckenzie,(631) 269-9361,nulla@yahoo.net,Nigeria,Ap #284-6622 Mi St.
Blossom Carpenter,1-568-281-6759,orci.phasellus@hotmail.couk,South Africa,9912 Lacus. Avenue
Alexander Bowers,1-527-553-2594,elit.nulla@hotmail.org,Germany,Ap #327-5887 Augue Road
Ina Mcneil,(171) 174-5083,ac.turpis@hotmail.org,Ukraine,739-7309 Tristique Road
Kelly Sharpe,(857) 731-6222,risus.morbi.metus@yahoo.net,United States,195-9728 Auctor St.
Galvin Thompson,1-544-236-7308,tincidunt@outlook.org,Australia,464-7634 Mauris St.
Ivana Duran,1-176-233-4886,eros.non.enim@outlook.com,Netherlands,"Ap #799-458 A, Street"
Kameko Flores,1-637-584-3853,sodales.at@protonmail.net,United States,974-1149 Nullam Street
Orla Daniel,1-820-661-4993,nibh.aliquam.ornare@aol.edu,Canada,596-9783 Arcu. Ave
Harper Munoz,1-502-647-6373,neque@icloud.org,India,Ap #523-573 Praesent Rd.
Aladdin Solomon,(602) 871-6765,duis.cursus@yahoo.net,Pakistan,"P.O. Box 678, 1996 Lorem Av."
Rinah Mcintyre,1-438-767-5434,erat@google.net,Costa Rica,"P.O. Box 866, 7052 Nec Av."
Abra Reid,(623) 386-7020,in.consectetuer@yahoo.com,Norway,Ap #172-5209 Quam Rd.
Valentine Hopkins,(397) 229-8113,arcu.morbi.sit@aol.net,India,931-1762 Pellentesque Rd.
Destiny Spence,1-415-676-5255,ultrices@hotmail.com,Vietnam,318-7593 Proin St.
Amir Camacho,(735) 711-0463,natoque@yahoo.edu,New Zealand,"P.O. Box 732, 3541 Interdum Street"
Demetrius Landry,1-853-175-0918,eu@icloud.net,Netherlands,Ap #908-8948 Praesent Ave
Olga Sampson,(263) 366-7891,tellus@google.com,Brazil,Ap #105-3215 Tortor St.
September Lambert,(753) 222-1067,vulputate.posuere@google.ca,Ukraine,"P.O. Box 737, 1860 Augue Avenue"
Vielka Juarez,1-660-123-1141,quam@google.edu,Russian Federation,Ap #571-1902 Sagittis. St.
Desirae Andrews,1-393-203-7353,sagittis.felis@icloud.org,Indonesia,Ap #617-3384 Blandit Road
Yolanda Palmer,(774) 267-5756,cursus.luctus.ipsum@protonmail.edu,Austria,"P.O. Box 654, 4304 Fusce St."
Melodie Le,1-613-438-8130,tellus@aol.com,China,"398-5500 Nec, Ave"
Faith Gardner,1-366-876-4170,mus@aol.com,India,Ap #820-7975 Fusce Ave
Raphael Gentry,1-723-773-1729,dapibus.ligula@outlook.org,Norway,"P.O. Box 963, 6402 Ultricies Road"
Jamalia William,(358) 196-3527,parturient.montes@icloud.couk,Spain,975 Malesuada Street
Moses Huber,(115) 589-5103,dolor.dapibus@yahoo.ca,New Zealand,"P.O. Box 505, 6244 Nec, Road"
Gregory Alvarez,(825) 547-6654,elit.curabitur.sed@aol.ca,Brazil,Ap #805-8558 Erat Street
Vance Herman,(399) 613-8685,purus.mauris@aol.com,Italy,"P.O. Box 722, 9371 Vitae, Avenue"
Blossom Houston,1-272-658-4575,eros.nec@protonmail.net,Italy,Ap #208-8451 Nulla Rd.
Hermione Larson,1-391-511-7391,primis@protonmail.edu,Germany,748-9687 Quis Ave
Diana Stone,1-642-839-2566,dolor.nonummy@icloud.org,Singapore,886-9155 Sed Avenue
Timothy Mcneil,(722) 818-1028,dapibus.rutrum@outlook.couk,United Kingdom,9172 Interdum Ave
Minerva Gilbert,(773) 624-2562,ridiculus.mus.aenean@yahoo.org,Poland,"P.O. Box 659, 9383 Leo. Street"
Maxwell Everett,(623) 346-9044,arcu.curabitur@icloud.ca,Sweden,Ap #922-4627 Mollis Avenue
Davis Herring,1-718-225-9551,libero.integer@hotmail.com,Colombia,103-7934 Ut Road
Lacey Yates,1-711-303-6567,nullam.velit@hotmail.edu,Canada,"Ap #998-8261 Non, St."
Axel Clay,(318) 457-7854,enim.etiam.imperdiet@google.net,Indonesia,Ap #431-604 Natoque Ave
Colette Larson,1-432-982-3517,nisi.cum@google.com,Philippines,372-1524 Ac Rd.
Cheyenne Burke,1-833-883-0815,id.ante@google.org,United States,"P.O. Box 126, 8770 Proin Rd."
Belle Alford,1-654-282-6844,ipsum.leo@protonmail.edu,Mexico,"685-8452 A, Av."
Alden Peterson,1-637-860-5994,tempor.arcu.vestibulum@yahoo.com,Chile,Ap #217-4788 Orci. St.
Dante Ferguson,(848) 516-1916,vivamus@protonmail.org,Philippines,Ap #618-9104 Consequat Avenue
Brady Leonard,1-882-326-0350,erat.semper@icloud.net,Sweden,412-705 Velit. Ave
Galvin Garcia,(144) 710-4256,in.nec@outlook.net,Canada,"151-153 Non, Ave"
Rajah Velasquez,1-577-463-6830,in.felis.nulla@yahoo.edu,Russian Federation,879-2833 Nascetur Ave
Allen Thomas,1-797-706-1870,semper.nam.tempor@icloud.ca,Colombia,"P.O. Box 120, 8669 Ultricies Road"
Lee Freeman,1-283-836-7650,donec.felis@google.com,Norway,9962 Commodo Road
Olga Lee,1-487-514-3934,et.tristique@aol.ca,Germany,3179 Magna Ave
Ray Kirby,1-443-678-3244,risus@protonmail.net,Philippines,"Ap #717-5244 Id, Street"
Fatima Dorsey,1-307-276-4694,lorem.ac.risus@icloud.com,Nigeria,Ap #931-5472 Urna St.
Daryl Dyer,1-724-765-9913,proin@google.org,Austria,925-4434 Rutrum Av.
Isadora Mullen,1-114-461-0717,sit@yahoo.com,Austria,273-2471 Sem St.
Camilla Chaney,(806) 621-5566,felis.orci.adipiscing@protonmail.com,Netherlands,Ap #700-201 Diam. Road
Hanna Walters,1-519-356-8484,sagittis@outlook.net,Colombia,Ap #304-2227 Ac Avenue
Nigel Franklin,1-542-787-1533,adipiscing.lacus@outlook.org,France,Ap #902-9465 Fringilla Rd.
Leandra Johns,1-338-576-6826,sit.amet@google.edu,Ireland,557-2652 Consectetuer Rd.
Ignatius Bridges,1-213-296-4612,laoreet.posuere@yahoo.org,Belgium,992-7924 Mus. St.
Nathaniel Irwin,1-684-413-2628,urna.nunc@yahoo.com,Netherlands,"3483 Quis, St."
Adrian Goff,1-756-468-6631,ac.turpis@hotmail.com,Indonesia,Ap #758-3148 Lectus Street
Randall Keller,1-976-838-2618,egestas.a@icloud.com,Ireland,779-9265 Erat. Rd.
Dai Barrett,1-222-653-1779,interdum@google.net,Netherlands,"P.O. Box 818, 2037 Morbi Rd."
Nerea Franks,(616) 156-8832,sed.molestie@icloud.ca,Nigeria,"P.O. Box 657, 2541 Dui. St."
Armand Holden,1-433-613-6687,sed.auctor.odio@yahoo.ca,Indonesia,531-5777 Aliquet. St.
May Michael,1-734-363-3156,feugiat.nec.diam@protonmail.couk,Spain,305-5578 Sociis St.
Fay Smith,(134) 253-9272,pellentesque.a@aol.org,Colombia,"Ap #983-8266 Consectetuer, Ave"
Maggie Nicholson,1-181-518-8678,mus.proin.vel@aol.ca,Russian Federation,Ap #658-4890 At St.
Geoffrey Wooten,(585) 998-7436,parturient.montes@hotmail.ca,Brazil,3437 Consectetuer St.
Aidan Parker,1-668-583-9974,cum.sociis@aol.net,Italy,"P.O. Box 226, 5965 Lobortis Road"
Haley Campos,1-584-336-1433,magna.sed.eu@aol.net,Sweden,Ap #226-670 Enim. St.
Uma Wilson,(632) 407-8589,felis.nulla.tempor@hotmail.ca,Brazil,"P.O. Box 833, 9371 Urna, Street"
Buckminster Donovan,(226) 788-1172,et@aol.ca,Philippines,625-8521 Erat. Ave
Gabriel Quinn,(253) 636-3031,tellus@protonmail.couk,India,8176 Pellentesque Street
May Schwartz,1-866-578-4980,sollicitudin.orci@yahoo.net,Norway,"P.O. Box 677, 5825 Nibh. Rd."
Ignatius Sheppard,1-565-957-2811,cras@outlook.net,Peru,5701 Et Rd.
Inga Gray,1-748-775-2633,malesuada.fringilla@yahoo.ca,Russian Federation,"Ap #918-5711 Convallis, Rd."
Ross Bell,(473) 618-4543,nonummy@outlook.ca,Pakistan,Ap #263-3797 Mauris Road
Scarlett Craig,1-431-536-2567,dolor.sit.amet@yahoo.couk,United States,Ap #417-7429 Sociosqu St.
Flynn Harris,1-718-305-5777,ridiculus@google.edu,Nigeria,363-9190 Mus. Avenue
Noelle Vaughn,(518) 715-3727,quam.quis@hotmail.couk,New Zealand,877-8194 Luctus Avenue
Odette Fischer,(155) 341-3855,eget.odio.aliquam@icloud.com,Peru,"149-8043 Nec, Road"
Xanthus Mcgee,(487) 557-5896,consectetuer.adipiscing@yahoo.net,South Africa,5368 Donec Rd.
Fiona Diaz,1-218-368-1247,eu@google.org,Colombia,"8278 A, Av."
Cruz Pittman,(787) 441-8267,tincidunt@google.org,South Africa,122-2936 Non Street
Kadeem Fuentes,(155) 443-5153,pede@google.com,Pakistan,301-6440 Scelerisque St.
Colleen Harding,(997) 485-9603,cursus.et.eros@hotmail.com,Vietnam,Ap #939-199 Et St.
Keelie Sheppard,(472) 366-2576,sollicitudin.commodo.ipsum@yahoo.net,Netherlands,5367 Eu Avenue
Forrest Eaton,(278) 909-3956,mi.lacinia@google.edu,Chile,Ap #418-5924 Cursus Ave
Noel House,(618) 767-6088,nisl@hotmail.com,Mexico,Ap #379-488 Pharetra. Rd.
Jessamine Dejesus,1-925-555-4457,fusce.aliquam.enim@yahoo.com,Singapore,396-629 Cras Road
Ruby Campos,(326) 728-6607,vulputate.lacus.cras@yahoo.net,South Korea,"501-4247 Sed, Street"
Mohammad Mcdaniel,(651) 408-4817,proin.ultrices.duis@hotmail.couk,Russian Federation,"575-7130 Et, St."
Damon Dotson,1-322-275-6896,erat.volutpat@hotmail.ca,Brazil,Ap #312-2282 Ornare. St.
Geraldine Cameron,(349) 947-8745,at.pretium@icloud.org,Norway,"P.O. Box 930, 8496 Metus. Street"
Barrett Mckenzie,(363) 739-6835,tempus.mauris.erat@aol.edu,South Korea,980-7314 Nunc Rd.
Colt Mcconnell,1-854-252-3133,neque@google.org,Italy,6315 Sem St.
Jesse Walls,(556) 814-7245,molestie.sed@protonmail.edu,United States,"P.O. Box 434, 408 Malesuada Road"
Leah Nelson,(134) 934-6238,felis@protonmail.org,Singapore,"P.O. Box 444, 1427 Lectus St."
Chancellor Rush,1-423-759-5462,feugiat@google.com,China,"Ap #346-7396 Sapien, Street"
Zahir Jennings,1-411-128-1604,malesuada.integer@google.edu,Colombia,"Ap #840-3097 Nec, Rd."
Uriah Campbell,1-204-834-2400,nibh.aliquam@aol.ca,Canada,1871 Mauris St.
Reece Klein,1-968-822-6133,blandit@aol.com,Norway,260-446 Iaculis Rd.
Eleanor Boyle,1-947-786-4047,massa.rutrum@hotmail.edu,India,Ap #850-1173 Cursus Rd.
Nash Mack,(300) 781-1985,nunc@yahoo.ca,France,Ap #451-4288 Libero Road
Nissim Haney,(745) 434-3127,molestie.arcu.sed@icloud.com,Costa Rica,"P.O. Box 159, 7749 Vestibulum Avenue"
Karen Stark,1-381-781-8068,sed.congue.elit@icloud.net,New Zealand,713-5175 Vel St.
Yuli Vasquez,1-852-258-8351,non.egestas@outlook.net,United States,Ap #482-6958 Tincidunt Road
Justine Reese,(667) 894-1702,in.condimentum@protonmail.couk,Ireland,"P.O. Box 320, 7463 Malesuada Road"
Lewis Cook,1-573-381-3136,laoreet@google.net,Germany,2813 Tellus Ave
Irene Weiss,1-516-523-1338,praesent.eu.nulla@google.edu,New Zealand,778-2274 Fermentum Avenue
Melodie May,(434) 326-9360,dui.cum@icloud.ca,United States,Ap #532-9828 Tristique Rd.
Driscoll Heath,1-382-515-0385,phasellus.in@icloud.net,Mexico,Ap #495-722 Ultrices Street
Sade Wiggins,(569) 311-5487,aliquet@aol.couk,Indonesia,"P.O. Box 990, 8365 Arcu Rd."
Igor Mccormick,(465) 710-2637,commodo.tincidunt.nibh@icloud.couk,Mexico,180-6236 Hymenaeos. Ave
Geoffrey Mckenzie,(214) 306-9023,purus.mauris@icloud.couk,France,Ap #212-2021 Quis St.
Coby Fischer,1-241-415-8571,ac.metus.vitae@icloud.ca,Austria,"P.O. Box 669, 5421 Mauris St."
Risa Chapman,(183) 252-5467,in@icloud.org,Vietnam,793 Ultricies Street
Mollie Pratt,1-218-428-4544,ullamcorper.duis@yahoo.ca,New Zealand,1923 Euismod Street
Patrick Clark,1-647-235-5764,pellentesque.tincidunt@icloud.ca,New Zealand,"6707 Amet, Rd."
Adara Ramirez,1-830-325-2418,et.commodo.at@yahoo.net,United Kingdom,397-4408 Mauris Ave
Reese Miles,(833) 789-0629,sodales@icloud.com,France,"Ap #102-8937 Amet, Rd."
Deborah Harper,1-364-545-7673,lobortis@hotmail.net,Philippines,5968 Quisque Ave
Ora Mathews,1-167-269-8925,luctus.aliquet.odio@protonmail.edu,Indonesia,Ap #127-4280 Ante Ave
Angelica Talley,(324) 263-7415,arcu.iaculis@icloud.ca,Philippines,"P.O. Box 423, 3666 Donec St."
Abigail Simpson,(858) 835-2151,elementum@google.edu,United States,576-753 Non Ave
Maite Cain,1-512-295-2145,in.tincidunt.congue@icloud.net,Brazil,Ap #481-1692 Massa Rd.
Wylie Kidd,1-867-817-1571,sed.dolor@protonmail.edu,Chile,243-5469 Consequat Av.
Sasha Duncan,(195) 221-6121,dolor@icloud.org,India,908-2673 Phasellus Av.
Baxter Hammond,(729) 567-4426,in.ornare.sagittis@outlook.com,Sweden,965-6115 Auctor Street
Buckminster Booker,(415) 723-2528,sapien.aenean@outlook.couk,China,"281-570 Orci, Rd."
James Clark,1-871-224-1814,metus@yahoo.edu,Pakistan,Ap #608-5441 Diam Rd.
Channing Young,1-346-973-3713,rutrum.justo@yahoo.couk,South Africa,2645 Dolor. Ave
Wang Dickerson,1-264-702-7031,eleifend.non@icloud.org,Turkey,Ap #992-2656 Ligula. Ave
Linus Jimenez,(737) 508-6411,tincidunt.pede.ac@outlook.org,India,"P.O. Box 242, 4351 Nullam Avenue"
Reece Park,1-436-444-7815,vehicula.et@yahoo.com,Russian Federation,Ap #754-4695 In Avenue
Isaac Hammond,1-311-847-6971,est.nunc@yahoo.ca,Costa Rica,949-8258 Nullam St.
Brett Padilla,(117) 499-1441,ultrices.vivamus@google.edu,Indonesia,"P.O. Box 536, 8283 Quis Av."
Micah Wise,1-351-966-7317,nam@outlook.ca,Costa Rica,967-7101 Odio Avenue
Berk Castillo,1-777-880-2424,odio@icloud.net,Italy,206-9980 Vitae Road
Naomi Townsend,(358) 876-7567,ipsum@aol.ca,Costa Rica,923-8326 Semper Avenue
Gay Bray,1-682-841-5313,molestie.pharetra@google.com,Italy,Ap #910-331 Sem Road
Rafael Bishop,1-446-441-0573,sed@icloud.couk,Germany,6721 Aliquam Av.
Kimberley Woods,1-379-567-3343,nec.ligula@outlook.edu,Italy,2934 Nulla St.
Philip Roberts,(866) 243-9404,dui.in@hotmail.couk,China,Ap #184-9944 Eget Road
Edan Contreras,(152) 532-7346,gravida.aliquam@icloud.com,India,608-1242 Integer Avenue
Logan Wiggins,1-356-740-5659,mus@aol.com,China,4628 Nibh Avenue
Donna Ewing,1-281-378-2884,ligula.aliquam.erat@hotmail.ca,Turkey,8903 Lectus Ave
Tamekah Berg,1-275-302-9719,mauris.vestibulum.neque@outlook.edu,United Kingdom,"P.O. Box 236, 9990 Sed, Rd."
Bradley Cervantes,1-645-915-2743,fringilla.purus.mauris@aol.com,United States,Ap #503-6612 Praesent Rd.
Tanya Mayo,1-643-656-9169,diam.eu@protonmail.org,Canada,"P.O. Box 685, 3321 Sed Street"
Britanney Knight,(457) 772-2739,mollis.lectus.pede@google.net,Belgium,1457 Aliquam Avenue
Gabriel Long,1-887-572-5034,dolor@yahoo.edu,Indonesia,793-3934 Nulla Road
Shelly Best,1-312-657-3927,integer.urna@google.couk,Philippines,"P.O. Box 763, 9590 Nam Rd."
Marshall Durham,(520) 625-6584,mi.lacinia@hotmail.com,Peru,Ap #448-777 Ipsum Av.
Oprah Carlson,(283) 341-0750,tincidunt.pede@protonmail.net,Costa Rica,"Ap #816-1657 Nec, Avenue"
Echo Nieves,1-647-322-1254,quisque@aol.ca,Spain,Ap #318-5685 Egestas. Rd.
Summer Kaufman,1-464-741-3534,sagittis.placerat@yahoo.edu,Norway,571-4403 Vestibulum Rd.
Abraham Willis,1-896-722-4435,sit.amet@outlook.ca,Colombia,451-2746 Aenean St.
Daniel Carson,1-355-214-8102,non.dui.nec@outlook.couk,Nigeria,"Ap #579-5639 Nunc, Rd."
Gloria Hickman,1-263-165-2655,interdum.sed@protonmail.com,India,Ap #603-2005 Feugiat Rd.
Kay Bean,(881) 669-4730,massa.non@aol.net,Vietnam,446-9642 Scelerisque St.
Kelsie Lloyd,(630) 285-7359,pede@aol.couk,Peru,697-7501 Mollis Street
Noah Bray,(369) 659-3554,phasellus.nulla@yahoo.couk,South Africa,141-8932 Velit St.
Silas Kaufman,(327) 959-5374,enim.mauris@icloud.net,Ukraine,"P.O. Box 420, 9633 Lorem, Avenue"
Ebony Sims,1-476-529-2480,donec.vitae@icloud.org,Peru,"P.O. Box 331, 1099 Arcu. Street"
Oliver Clay,1-225-638-2427,arcu.morbi@google.couk,Philippines,"757-5273 Vestibulum, St."
Buckminster Horton,(188) 843-5314,sit.amet@aol.net,Netherlands,899-4930 Nunc Rd.
Ahmed Nunez,(226) 531-8051,cursus.vestibulum@protonmail.net,Indonesia,292-8621 Enim St.
Lacota Davis,(792) 245-6884,sollicitudin.orci@aol.org,South Africa,777-6370 Arcu Street
Winifred Puckett,1-762-942-3598,sit.amet@icloud.couk,Singapore,853-9952 Pede Rd.
Baker Black,(784) 822-1395,felis.adipiscing@aol.com,India,Ap #202-4368 Mi. Ave
Ivory Downs,(629) 296-6646,egestas.sed@google.ca,Australia,Ap #378-9609 Etiam Street
McKenzie Levy,(713) 978-1341,tempus.non.lacinia@protonmail.net,New Zealand,"273-1257 Nec, Ave"
Eagan Duran,(842) 709-0184,ac@google.org,Colombia,520-7015 Est Avenue
Joan Young,(473) 348-3126,leo.cras@aol.edu,Colombia,Ap #444-5211 Pede Avenue
Cally Knowles,(846) 763-1632,in@outlook.com,New Zealand,485-6099 Penatibus Rd.
